played_on,competition,competition_edition,round_name,team_a,team_b,winner_team,sequence_number,team_name,player_name,goalkeeper_name,outcome,source_provider,source_url,source_row_key,retrieved_at_utc
2025-03-23,UEFA Nations League,2024/25,Quarter-final,Netherlands,Spain,Spain,1,Netherlands,Virgil van Dijk,,scored,espn,https://www.espn.com/soccer/match/_/gameId/723708,espn:723708:44925067,2026-06-30T12:00:00+00:00
2025-03-23,UEFA Nations League,2024/25,Quarter-final,Netherlands,Spain,Spain,2,Spain,Mikel Merino,,scored,espn,https://www.espn.com/soccer/match/_/gameId/723708,espn:723708:44925072,2026-06-30T12:00:00+00:00
2025-03-23,UEFA Nations League,2024/25,Quarter-final,Netherlands,Spain,Spain,3,Netherlands,Teun Koopmeiners,,scored,espn,https://www.espn.com/soccer/match/_/gameId/723708,espn:723708:44925080,2026-06-30T12:00:00+00:00
2025-03-23,UEFA Nations League,2024/25,Quarter-final,Netherlands,Spain,Spain,4,Spain,Ferran Torres,,scored,espn,https://www.espn.com/soccer/match/_/gameId/723708,espn:723708:44925090,2026-06-30T12:00:00+00:00
2025-03-23,UEFA Nations League,2024/25,Quarter-final,Netherlands,Spain,Spain,5,Netherlands,Xavi Simons,,scored,espn,https://www.espn.com/soccer/match/_/gameId/723708,espn:723708:44925097,2026-06-30T12:00:00+00:00
2025-03-23,UEFA Nations League,2024/25,Quarter-final,Netherlands,Spain,Spain,6,Spain,Aleix García,,scored,espn,https://www.espn.com/soccer/match/_/gameId/723708,espn:723708:44925108,2026-06-30T12:00:00+00:00
2025-03-23,UEFA Nations League,2024/25,Quarter-final,Netherlands,Spain,Spain,7,Netherlands,Noa Lang,,missed,espn,https://www.espn.com/soccer/match/_/gameId/723708,espn:723708:44925115,2026-06-30T12:00:00+00:00
2025-03-23,UEFA Nations League,2024/25,Quarter-final,Netherlands,Spain,Spain,8,Spain,Lamine Yamal,,missed,espn,https://www.espn.com/soccer/match/_/gameId/723708,espn:723708:44925121,2026-06-30T12:00:00+00:00
2025-03-23,UEFA Nations League,2024/25,Quarter-final,Netherlands,Spain,Spain,9,Netherlands,Kenneth Taylor,,scored,espn,https://www.espn.com/soccer/match/_/gameId/723708,espn:723708:44925132,2026-06-30T12:00:00+00:00
2025-03-23,UEFA Nations League,2024/25,Quarter-final,Netherlands,Spain,Spain,10,Spain,Álex Baena,,scored,espn,https://www.espn.com/soccer/match/_/gameId/723708,espn:723708:44925143,2026-06-30T12:00:00+00:00
2025-03-23,UEFA Nations League,2024/25,Quarter-final,Netherlands,Spain,Spain,11,Netherlands,Donyell Malen,,missed,espn,https://www.espn.com/soccer/match/_/gameId/723708,espn:723708:44925149,2026-06-30T12:00:00+00:00
2025-03-23,UEFA Nations League,2024/25,Quarter-final,Netherlands,Spain,Spain,12,Spain,Pedri,,scored,espn,https://www.espn.com/soccer/match/_/gameId/723708,espn:723708:44925152,2026-06-30T12:00:00+00:00
2025-06-08,UEFA Nations League,2024/25,Final,Spain,Portugal,Portugal,1,Portugal,Gonçalo Ramos,,scored,espn,https://www.espn.com/soccer/match/_/gameId/723738,espn:723738:45365424,2026-06-30T12:00:00+00:00
2025-06-08,UEFA Nations League,2024/25,Final,Spain,Portugal,Portugal,2,Spain,Mikel Merino,,scored,espn,https://www.espn.com/soccer/match/_/gameId/723738,espn:723738:45365431,2026-06-30T12:00:00+00:00
2025-06-08,UEFA Nations League,2024/25,Final,Spain,Portugal,Portugal,3,Portugal,Vitinha,,scored,espn,https://www.espn.com/soccer/match/_/gameId/723738,espn:723738:45365437,2026-06-30T12:00:00+00:00
2025-06-08,UEFA Nations League,2024/25,Final,Spain,Portugal,Portugal,4,Spain,Álex Baena,,scored,espn,https://www.espn.com/soccer/match/_/gameId/723738,espn:723738:45365442,2026-06-30T12:00:00+00:00
2025-06-08,UEFA Nations League,2024/25,Final,Spain,Portugal,Portugal,5,Portugal,Bruno Fernandes,,scored,espn,https://www.espn.com/soccer/match/_/gameId/723738,espn:723738:45365450,2026-06-30T12:00:00+00:00
2025-06-08,UEFA Nations League,2024/25,Final,Spain,Portugal,Portugal,6,Spain,Isco,,scored,espn,https://www.espn.com/soccer/match/_/gameId/723738,espn:723738:45365454,2026-06-30T12:00:00+00:00
2025-06-08,UEFA Nations League,2024/25,Final,Spain,Portugal,Portugal,7,Portugal,Nuno Mendes,,scored,espn,https://www.espn.com/soccer/match/_/gameId/723738,espn:723738:45365458,2026-06-30T12:00:00+00:00
2025-06-08,UEFA Nations League,2024/25,Final,Spain,Portugal,Portugal,8,Spain,Álvaro Morata,,missed,espn,https://www.espn.com/soccer/match/_/gameId/723738,espn:723738:45365461,2026-06-30T12:00:00+00:00
2025-06-08,UEFA Nations League,2024/25,Final,Spain,Portugal,Portugal,9,Portugal,Rúben Neves,,scored,espn,https://www.espn.com/soccer/match/_/gameId/723738,espn:723738:45365474,2026-06-30T12:00:00+00:00
2024-07-01,EURO,2024,Round of 16,Portugal,Slovenia,Portugal,1,Slovenia,Josip Ilicic,,missed,espn,https://www.espn.com/soccer/match/_/gameId/703936,espn:703936:43365810,2026-06-30T12:00:00+00:00
2024-07-01,EURO,2024,Round of 16,Portugal,Slovenia,Portugal,2,Portugal,Cristiano Ronaldo,,scored,espn,https://www.espn.com/soccer/match/_/gameId/703936,espn:703936:43365811,2026-06-30T12:00:00+00:00
2024-07-01,EURO,2024,Round of 16,Portugal,Slovenia,Portugal,3,Slovenia,Jure Balkovec,,missed,espn,https://www.espn.com/soccer/match/_/gameId/703936,espn:703936:43365812,2026-06-30T12:00:00+00:00
2024-07-01,EURO,2024,Round of 16,Portugal,Slovenia,Portugal,4,Portugal,Bruno Fernandes,,scored,espn,https://www.espn.com/soccer/match/_/gameId/703936,espn:703936:43365813,2026-06-30T12:00:00+00:00
2024-07-01,EURO,2024,Round of 16,Portugal,Slovenia,Portugal,5,Slovenia,Benjamin Verbic,,missed,espn,https://www.espn.com/soccer/match/_/gameId/703936,espn:703936:43365814,2026-06-30T12:00:00+00:00
2024-07-01,EURO,2024,Round of 16,Portugal,Slovenia,Portugal,6,Portugal,Bernardo Silva,,scored,espn,https://www.espn.com/soccer/match/_/gameId/703936,espn:703936:43365815,2026-06-30T12:00:00+00:00
2024-07-05,EURO,2024,Quarter-final,Portugal,France,France,1,France,Ousmane Dembélé,,scored,espn,https://www.espn.com/soccer/match/_/gameId/703940,espn:703940:43374478,2026-06-30T12:00:00+00:00
2024-07-05,EURO,2024,Quarter-final,Portugal,France,France,2,Portugal,Cristiano Ronaldo,,scored,espn,https://www.espn.com/soccer/match/_/gameId/703940,espn:703940:43374479,2026-06-30T12:00:00+00:00
2024-07-05,EURO,2024,Quarter-final,Portugal,France,France,3,France,Youssouf Fofana,,scored,espn,https://www.espn.com/soccer/match/_/gameId/703940,espn:703940:43374480,2026-06-30T12:00:00+00:00
2024-07-05,EURO,2024,Quarter-final,Portugal,France,France,4,Portugal,Bernardo Silva,,scored,espn,https://www.espn.com/soccer/match/_/gameId/703940,espn:703940:43374481,2026-06-30T12:00:00+00:00
2024-07-05,EURO,2024,Quarter-final,Portugal,France,France,5,France,Jules Koundé,,scored,espn,https://www.espn.com/soccer/match/_/gameId/703940,espn:703940:43374482,2026-06-30T12:00:00+00:00
2024-07-05,EURO,2024,Quarter-final,Portugal,France,France,6,Portugal,João Félix,,missed,espn,https://www.espn.com/soccer/match/_/gameId/703940,espn:703940:43374483,2026-06-30T12:00:00+00:00
2024-07-05,EURO,2024,Quarter-final,Portugal,France,France,7,France,Bradley Barcola,,scored,espn,https://www.espn.com/soccer/match/_/gameId/703940,espn:703940:43374484,2026-06-30T12:00:00+00:00
2024-07-05,EURO,2024,Quarter-final,Portugal,France,France,8,Portugal,Nuno Mendes,,scored,espn,https://www.espn.com/soccer/match/_/gameId/703940,espn:703940:43374485,2026-06-30T12:00:00+00:00
2024-07-05,EURO,2024,Quarter-final,Portugal,France,France,9,France,Theo Hernández,,scored,espn,https://www.espn.com/soccer/match/_/gameId/703940,espn:703940:43374486,2026-06-30T12:00:00+00:00
2024-07-06,EURO,2024,Quarter-final,England,Switzerland,England,1,England,Cole Palmer,,scored,espn,https://www.espn.com/soccer/match/_/gameId/703941,espn:703941:43377763,2026-06-30T12:00:00+00:00
2024-07-06,EURO,2024,Quarter-final,England,Switzerland,England,2,Switzerland,Manuel Akanji,,missed,espn,https://www.espn.com/soccer/match/_/gameId/703941,espn:703941:43377764,2026-06-30T12:00:00+00:00
2024-07-06,EURO,2024,Quarter-final,England,Switzerland,England,3,England,Jude Bellingham,,scored,espn,https://www.espn.com/soccer/match/_/gameId/703941,espn:703941:43377776,2026-06-30T12:00:00+00:00
2024-07-06,EURO,2024,Quarter-final,England,Switzerland,England,4,Switzerland,Fabian Schär,,scored,espn,https://www.espn.com/soccer/match/_/gameId/703941,espn:703941:43377780,2026-06-30T12:00:00+00:00
2024-07-06,EURO,2024,Quarter-final,England,Switzerland,England,5,England,Bukayo Saka,,scored,espn,https://www.espn.com/soccer/match/_/gameId/703941,espn:703941:43377788,2026-06-30T12:00:00+00:00
2024-07-06,EURO,2024,Quarter-final,England,Switzerland,England,6,Switzerland,Xherdan Shaqiri,,scored,espn,https://www.espn.com/soccer/match/_/gameId/703941,espn:703941:43377789,2026-06-30T12:00:00+00:00
2024-07-06,EURO,2024,Quarter-final,England,Switzerland,England,7,England,Ivan Toney,,scored,espn,https://www.espn.com/soccer/match/_/gameId/703941,espn:703941:43377794,2026-06-30T12:00:00+00:00
2024-07-06,EURO,2024,Quarter-final,England,Switzerland,England,8,Switzerland,Zeki Amdouni,,scored,espn,https://www.espn.com/soccer/match/_/gameId/703941,espn:703941:43377796,2026-06-30T12:00:00+00:00
2024-07-06,EURO,2024,Quarter-final,England,Switzerland,England,9,England,Trent Alexander-Arnold,,scored,espn,https://www.espn.com/soccer/match/_/gameId/703941,espn:703941:43377801,2026-06-30T12:00:00+00:00
2023-06-18,UEFA Nations League,2022/23,Final,Croatia,Spain,Spain,1,Croatia,Nikola Vlasic,,scored,espn,https://www.espn.com/soccer/match/_/gameId/654361,espn:654361:40807228,2026-06-30T12:00:00+00:00
2023-06-18,UEFA Nations League,2022/23,Final,Croatia,Spain,Spain,2,Spain,Joselu,,scored,espn,https://www.espn.com/soccer/match/_/gameId/654361,espn:654361:40807229,2026-06-30T12:00:00+00:00
2023-06-18,UEFA Nations League,2022/23,Final,Croatia,Spain,Spain,3,Croatia,Marcelo Brozovic,,scored,espn,https://www.espn.com/soccer/match/_/gameId/654361,espn:654361:40807231,2026-06-30T12:00:00+00:00
2023-06-18,UEFA Nations League,2022/23,Final,Croatia,Spain,Spain,4,Spain,Rodri,,scored,espn,https://www.espn.com/soccer/match/_/gameId/654361,espn:654361:40807234,2026-06-30T12:00:00+00:00
2023-06-18,UEFA Nations League,2022/23,Final,Croatia,Spain,Spain,5,Croatia,Luka Modric,,scored,espn,https://www.espn.com/soccer/match/_/gameId/654361,espn:654361:40807235,2026-06-30T12:00:00+00:00
2023-06-18,UEFA Nations League,2022/23,Final,Croatia,Spain,Spain,6,Spain,Mikel Merino,,scored,espn,https://www.espn.com/soccer/match/_/gameId/654361,espn:654361:40807239,2026-06-30T12:00:00+00:00
2023-06-18,UEFA Nations League,2022/23,Final,Croatia,Spain,Spain,7,Croatia,Lovro Majer,,missed,espn,https://www.espn.com/soccer/match/_/gameId/654361,espn:654361:40807244,2026-06-30T12:00:00+00:00
2023-06-18,UEFA Nations League,2022/23,Final,Croatia,Spain,Spain,8,Spain,Marco Asensio,,scored,espn,https://www.espn.com/soccer/match/_/gameId/654361,espn:654361:40807245,2026-06-30T12:00:00+00:00
2023-06-18,UEFA Nations League,2022/23,Final,Croatia,Spain,Spain,9,Croatia,Ivan Perisic,,scored,espn,https://www.espn.com/soccer/match/_/gameId/654361,espn:654361:40807248,2026-06-30T12:00:00+00:00
2023-06-18,UEFA Nations League,2022/23,Final,Croatia,Spain,Spain,10,Spain,Aymeric Laporte,,missed,espn,https://www.espn.com/soccer/match/_/gameId/654361,espn:654361:40807249,2026-06-30T12:00:00+00:00
2023-06-18,UEFA Nations League,2022/23,Final,Croatia,Spain,Spain,11,Croatia,Bruno Petkovic,,missed,espn,https://www.espn.com/soccer/match/_/gameId/654361,espn:654361:40807251,2026-06-30T12:00:00+00:00
2023-06-18,UEFA Nations League,2022/23,Final,Croatia,Spain,Spain,12,Spain,Dani Carvajal,,scored,espn,https://www.espn.com/soccer/match/_/gameId/654361,espn:654361:40807255,2026-06-30T12:00:00+00:00
2026-01-14,Africa Cup of Nations,2025,Semi-final,Nigeria,Morocco,Morocco,1,Morocco,Neil El Aynaoui,,scored,espn,https://www.espn.com/soccer/match/_/gameId/732182,espn:732182:46761056,2026-06-30T12:00:00+00:00
2026-01-14,Africa Cup of Nations,2025,Semi-final,Nigeria,Morocco,Morocco,2,Nigeria,Paul Onuachu,,scored,espn,https://www.espn.com/soccer/match/_/gameId/732182,espn:732182:46761061,2026-06-30T12:00:00+00:00
2026-01-14,Africa Cup of Nations,2025,Semi-final,Nigeria,Morocco,Morocco,3,Morocco,Hamza Igmane,,missed,espn,https://www.espn.com/soccer/match/_/gameId/732182,espn:732182:46761070,2026-06-30T12:00:00+00:00
2026-01-14,Africa Cup of Nations,2025,Semi-final,Nigeria,Morocco,Morocco,4,Nigeria,Samuel Chukwueze,,missed,espn,https://www.espn.com/soccer/match/_/gameId/732182,espn:732182:46761073,2026-06-30T12:00:00+00:00
2026-01-14,Africa Cup of Nations,2025,Semi-final,Nigeria,Morocco,Morocco,5,Morocco,Eliesse Ben Seghir,,scored,espn,https://www.espn.com/soccer/match/_/gameId/732182,espn:732182:46761083,2026-06-30T12:00:00+00:00
2026-01-14,Africa Cup of Nations,2025,Semi-final,Nigeria,Morocco,Morocco,6,Nigeria,Fisayo Dele-Bashiru,,scored,espn,https://www.espn.com/soccer/match/_/gameId/732182,espn:732182:46761090,2026-06-30T12:00:00+00:00
2026-01-14,Africa Cup of Nations,2025,Semi-final,Nigeria,Morocco,Morocco,7,Morocco,Achraf Hakimi,,scored,espn,https://www.espn.com/soccer/match/_/gameId/732182,espn:732182:46761099,2026-06-30T12:00:00+00:00
2026-01-14,Africa Cup of Nations,2025,Semi-final,Nigeria,Morocco,Morocco,8,Nigeria,Bruno Onyemaechi,,missed,espn,https://www.espn.com/soccer/match/_/gameId/732182,espn:732182:46761100,2026-06-30T12:00:00+00:00
2026-01-14,Africa Cup of Nations,2025,Semi-final,Nigeria,Morocco,Morocco,9,Morocco,Youssef En-Nesyri,,scored,espn,https://www.espn.com/soccer/match/_/gameId/732182,espn:732182:46761116,2026-06-30T12:00:00+00:00
2026-01-17,Africa Cup of Nations,2025,Third-place match,Egypt,Nigeria,Nigeria,1,Nigeria,Fisayo Dele-Bashiru,,missed,espn,https://www.espn.com/soccer/match/_/gameId/732183,espn:732183:46779125,2026-06-30T12:00:00+00:00
2026-01-17,Africa Cup of Nations,2025,Third-place match,Egypt,Nigeria,Nigeria,2,Egypt,Mohamed Salah,,missed,espn,https://www.espn.com/soccer/match/_/gameId/732183,espn:732183:46779132,2026-06-30T12:00:00+00:00
2026-01-17,Africa Cup of Nations,2025,Third-place match,Egypt,Nigeria,Nigeria,3,Nigeria,Akor Adams,,scored,espn,https://www.espn.com/soccer/match/_/gameId/732183,espn:732183:46779176,2026-06-30T12:00:00+00:00
2026-01-17,Africa Cup of Nations,2025,Third-place match,Egypt,Nigeria,Nigeria,4,Egypt,Omar Marmoush,,missed,espn,https://www.espn.com/soccer/match/_/gameId/732183,espn:732183:46779183,2026-06-30T12:00:00+00:00
2026-01-17,Africa Cup of Nations,2025,Third-place match,Egypt,Nigeria,Nigeria,5,Nigeria,Moses Simon,,scored,espn,https://www.espn.com/soccer/match/_/gameId/732183,espn:732183:46779210,2026-06-30T12:00:00+00:00
2026-01-17,Africa Cup of Nations,2025,Third-place match,Egypt,Nigeria,Nigeria,6,Egypt,Ramy Rabia,,scored,espn,https://www.espn.com/soccer/match/_/gameId/732183,espn:732183:46779218,2026-06-30T12:00:00+00:00
2026-01-17,Africa Cup of Nations,2025,Third-place match,Egypt,Nigeria,Nigeria,7,Nigeria,Alex Iwobi,,scored,espn,https://www.espn.com/soccer/match/_/gameId/732183,espn:732183:46779234,2026-06-30T12:00:00+00:00
2026-01-17,Africa Cup of Nations,2025,Third-place match,Egypt,Nigeria,Nigeria,8,Egypt,Mahmoud Saber,,scored,espn,https://www.espn.com/soccer/match/_/gameId/732183,espn:732183:46779246,2026-06-30T12:00:00+00:00
2026-01-17,Africa Cup of Nations,2025,Third-place match,Egypt,Nigeria,Nigeria,9,Nigeria,Ademola Lookman,,scored,espn,https://www.espn.com/soccer/match/_/gameId/732183,espn:732183:46779271,2026-06-30T12:00:00+00:00
2024-01-28,Africa Cup of Nations,2023,Round of 16,Egypt,Congo DR,Congo DR,1,Egypt,Mohamed Abdelmoneim,,scored,espn,https://www.espn.com/soccer/match/_/gameId/697524,espn:697524:42308626,2026-06-30T12:00:00+00:00
2024-01-28,Africa Cup of Nations,2023,Round of 16,Egypt,Congo DR,Congo DR,2,Congo DR,Samuel Moutoussamy,,scored,espn,https://www.espn.com/soccer/match/_/gameId/697524,espn:697524:42308641,2026-06-30T12:00:00+00:00
2024-01-28,Africa Cup of Nations,2023,Round of 16,Egypt,Congo DR,Congo DR,3,Egypt,Mostafa Mohamed,,missed,espn,https://www.espn.com/soccer/match/_/gameId/697524,espn:697524:42308646,2026-06-30T12:00:00+00:00
2024-01-28,Africa Cup of Nations,2023,Round of 16,Egypt,Congo DR,Congo DR,4,Congo DR,Arthur Masuaku,,missed,espn,https://www.espn.com/soccer/match/_/gameId/697524,espn:697524:42308647,2026-06-30T12:00:00+00:00
2024-01-28,Africa Cup of Nations,2023,Round of 16,Egypt,Congo DR,Congo DR,5,Egypt,Omar Marmoush,,scored,espn,https://www.espn.com/soccer/match/_/gameId/697524,espn:697524:42308649,2026-06-30T12:00:00+00:00
2024-01-28,Africa Cup of Nations,2023,Round of 16,Egypt,Congo DR,Congo DR,6,Congo DR,Grady Diangana,,scored,espn,https://www.espn.com/soccer/match/_/gameId/697524,espn:697524:42308650,2026-06-30T12:00:00+00:00
2024-01-28,Africa Cup of Nations,2023,Round of 16,Egypt,Congo DR,Congo DR,7,Egypt,Omar Kamal,,scored,espn,https://www.espn.com/soccer/match/_/gameId/697524,espn:697524:42308661,2026-06-30T12:00:00+00:00
2024-01-28,Africa Cup of Nations,2023,Round of 16,Egypt,Congo DR,Congo DR,8,Congo DR,Silas Katompa-Mvumpa,,scored,espn,https://www.espn.com/soccer/match/_/gameId/697524,espn:697524:42308664,2026-06-30T12:00:00+00:00
2024-01-28,Africa Cup of Nations,2023,Round of 16,Egypt,Congo DR,Congo DR,9,Egypt,Mohamed Hany,,scored,espn,https://www.espn.com/soccer/match/_/gameId/697524,espn:697524:42308668,2026-06-30T12:00:00+00:00
2024-01-28,Africa Cup of Nations,2023,Round of 16,Egypt,Congo DR,Congo DR,10,Congo DR,Aaron Tshibola,,scored,espn,https://www.espn.com/soccer/match/_/gameId/697524,espn:697524:42308671,2026-06-30T12:00:00+00:00
2024-01-28,Africa Cup of Nations,2023,Round of 16,Egypt,Congo DR,Congo DR,11,Egypt,Ahmed Hegazi,,scored,espn,https://www.espn.com/soccer/match/_/gameId/697524,espn:697524:42308672,2026-06-30T12:00:00+00:00
2024-01-28,Africa Cup of Nations,2023,Round of 16,Egypt,Congo DR,Congo DR,12,Congo DR,Gédéon Kalulu,,scored,espn,https://www.espn.com/soccer/match/_/gameId/697524,espn:697524:42308675,2026-06-30T12:00:00+00:00
2024-01-28,Africa Cup of Nations,2023,Round of 16,Egypt,Congo DR,Congo DR,13,Egypt,Mostafa Fathi,,scored,espn,https://www.espn.com/soccer/match/_/gameId/697524,espn:697524:42308676,2026-06-30T12:00:00+00:00
2024-01-28,Africa Cup of Nations,2023,Round of 16,Egypt,Congo DR,Congo DR,14,Congo DR,Chancel Mbemba,,scored,espn,https://www.espn.com/soccer/match/_/gameId/697524,espn:697524:42308678,2026-06-30T12:00:00+00:00
2024-01-28,Africa Cup of Nations,2023,Round of 16,Egypt,Congo DR,Congo DR,15,Egypt,Mahmoud Hamada,,scored,espn,https://www.espn.com/soccer/match/_/gameId/697524,espn:697524:42308684,2026-06-30T12:00:00+00:00
2024-01-28,Africa Cup of Nations,2023,Round of 16,Egypt,Congo DR,Congo DR,16,Congo DR,Henock Inonga Baka,,scored,espn,https://www.espn.com/soccer/match/_/gameId/697524,espn:697524:42308688,2026-06-30T12:00:00+00:00
2024-01-28,Africa Cup of Nations,2023,Round of 16,Egypt,Congo DR,Congo DR,17,Egypt,Gabaski,,missed,espn,https://www.espn.com/soccer/match/_/gameId/697524,espn:697524:42308694,2026-06-30T12:00:00+00:00
2024-01-28,Africa Cup of Nations,2023,Round of 16,Egypt,Congo DR,Congo DR,18,Congo DR,Lionel Mpasi,,scored,espn,https://www.espn.com/soccer/match/_/gameId/697524,espn:697524:42308695,2026-06-30T12:00:00+00:00
2024-01-29,Africa Cup of Nations,2023,Round of 16,Senegal,Cote d'Ivoire,Cote d'Ivoire,1,Senegal,Kalidou Koulibaly,,scored,espn,https://www.espn.com/soccer/match/_/gameId/697526,espn:697526:42313333,2026-06-30T12:00:00+00:00
2024-01-29,Africa Cup of Nations,2023,Round of 16,Senegal,Cote d'Ivoire,Cote d'Ivoire,2,Cote d'Ivoire,Nicolas Pépé,,scored,espn,https://www.espn.com/soccer/match/_/gameId/697526,espn:697526:42313334,2026-06-30T12:00:00+00:00
2024-01-29,Africa Cup of Nations,2023,Round of 16,Senegal,Cote d'Ivoire,Cote d'Ivoire,3,Senegal,Pape Matar Sarr,,scored,espn,https://www.espn.com/soccer/match/_/gameId/697526,espn:697526:42313335,2026-06-30T12:00:00+00:00
2024-01-29,Africa Cup of Nations,2023,Round of 16,Senegal,Cote d'Ivoire,Cote d'Ivoire,4,Cote d'Ivoire,Christian Kouamé,,scored,espn,https://www.espn.com/soccer/match/_/gameId/697526,espn:697526:42313336,2026-06-30T12:00:00+00:00
2024-01-29,Africa Cup of Nations,2023,Round of 16,Senegal,Cote d'Ivoire,Cote d'Ivoire,5,Senegal,Moussa Niakhaté,,missed,espn,https://www.espn.com/soccer/match/_/gameId/697526,espn:697526:42313337,2026-06-30T12:00:00+00:00
2024-01-29,Africa Cup of Nations,2023,Round of 16,Senegal,Cote d'Ivoire,Cote d'Ivoire,6,Cote d'Ivoire,Sébastien Haller,,scored,espn,https://www.espn.com/soccer/match/_/gameId/697526,espn:697526:42313338,2026-06-30T12:00:00+00:00
2024-01-29,Africa Cup of Nations,2023,Round of 16,Senegal,Cote d'Ivoire,Cote d'Ivoire,7,Senegal,Bamba Dieng,,scored,espn,https://www.espn.com/soccer/match/_/gameId/697526,espn:697526:42313340,2026-06-30T12:00:00+00:00
2024-01-29,Africa Cup of Nations,2023,Round of 16,Senegal,Cote d'Ivoire,Cote d'Ivoire,8,Cote d'Ivoire,Sèrge Aurier,,scored,espn,https://www.espn.com/soccer/match/_/gameId/697526,espn:697526:42313341,2026-06-30T12:00:00+00:00
2024-01-29,Africa Cup of Nations,2023,Round of 16,Senegal,Cote d'Ivoire,Cote d'Ivoire,9,Senegal,Sadio Mané,,scored,espn,https://www.espn.com/soccer/match/_/gameId/697526,espn:697526:42313344,2026-06-30T12:00:00+00:00
2024-01-29,Africa Cup of Nations,2023,Round of 16,Senegal,Cote d'Ivoire,Cote d'Ivoire,10,Cote d'Ivoire,Franck Kessié,,scored,espn,https://www.espn.com/soccer/match/_/gameId/697526,espn:697526:42313345,2026-06-30T12:00:00+00:00
2024-02-03,Africa Cup of Nations,2023,Quarter-final,Cape Verde,South Africa,South Africa,1,Cape Verde,Bebé,,missed,espn,https://www.espn.com/soccer/match/_/gameId/698137,espn:698137:42350620,2026-06-30T12:00:00+00:00
2024-02-03,Africa Cup of Nations,2023,Quarter-final,Cape Verde,South Africa,South Africa,2,South Africa,Teboho Mokoena,,scored,espn,https://www.espn.com/soccer/match/_/gameId/698137,espn:698137:42350625,2026-06-30T12:00:00+00:00
2024-02-03,Africa Cup of Nations,2023,Quarter-final,Cape Verde,South Africa,South Africa,3,Cape Verde,Willy Semedo,,missed,espn,https://www.espn.com/soccer/match/_/gameId/698137,espn:698137:42350634,2026-06-30T12:00:00+00:00
2024-02-03,Africa Cup of Nations,2023,Quarter-final,Cape Verde,South Africa,South Africa,4,South Africa,Zakhele Lepasa,,missed,espn,https://www.espn.com/soccer/match/_/gameId/698137,espn:698137:42350645,2026-06-30T12:00:00+00:00
2024-02-03,Africa Cup of Nations,2023,Quarter-final,Cape Verde,South Africa,South Africa,5,Cape Verde,Laros Duarte,,missed,espn,https://www.espn.com/soccer/match/_/gameId/698137,espn:698137:42350647,2026-06-30T12:00:00+00:00
2024-02-03,Africa Cup of Nations,2023,Quarter-final,Cape Verde,South Africa,South Africa,6,South Africa,Aubrey Modiba,,missed,espn,https://www.espn.com/soccer/match/_/gameId/698137,espn:698137:42350656,2026-06-30T12:00:00+00:00
2024-02-03,Africa Cup of Nations,2023,Quarter-final,Cape Verde,South Africa,South Africa,7,Cape Verde,Bryan Teixeira,,scored,espn,https://www.espn.com/soccer/match/_/gameId/698137,espn:698137:42350662,2026-06-30T12:00:00+00:00
2024-02-03,Africa Cup of Nations,2023,Quarter-final,Cape Verde,South Africa,South Africa,8,South Africa,Mothobi Mvala,,scored,espn,https://www.espn.com/soccer/match/_/gameId/698137,espn:698137:42350671,2026-06-30T12:00:00+00:00
2024-02-03,Africa Cup of Nations,2023,Quarter-final,Cape Verde,South Africa,South Africa,9,Cape Verde,Patrick Andrade,,missed,espn,https://www.espn.com/soccer/match/_/gameId/698137,espn:698137:42350676,2026-06-30T12:00:00+00:00
2024-02-10,Africa Cup of Nations,2023,Third-place match,South Africa,Congo DR,South Africa,1,South Africa,Teboho Mokoena,,missed,espn,https://www.espn.com/soccer/match/_/gameId/698615,espn:698615:42401449,2026-06-30T12:00:00+00:00
2024-02-10,Africa Cup of Nations,2023,Third-place match,South Africa,Congo DR,South Africa,2,Congo DR,Samuel Moutoussamy,,scored,espn,https://www.espn.com/soccer/match/_/gameId/698615,espn:698615:42401450,2026-06-30T12:00:00+00:00
2024-02-10,Africa Cup of Nations,2023,Third-place match,South Africa,Congo DR,South Africa,3,South Africa,Nkosinathi Sibisi,,scored,espn,https://www.espn.com/soccer/match/_/gameId/698615,espn:698615:42401480,2026-06-30T12:00:00+00:00
2024-02-10,Africa Cup of Nations,2023,Third-place match,South Africa,Congo DR,South Africa,4,Congo DR,Nuke Mfulu,,scored,espn,https://www.espn.com/soccer/match/_/gameId/698615,espn:698615:42401481,2026-06-30T12:00:00+00:00
2024-02-10,Africa Cup of Nations,2023,Third-place match,South Africa,Congo DR,South Africa,5,South Africa,Thabang Monare,,scored,espn,https://www.espn.com/soccer/match/_/gameId/698615,espn:698615:42401482,2026-06-30T12:00:00+00:00
2024-02-10,Africa Cup of Nations,2023,Third-place match,South Africa,Congo DR,South Africa,6,Congo DR,Cédric Bakambu,,scored,espn,https://www.espn.com/soccer/match/_/gameId/698615,espn:698615:42401483,2026-06-30T12:00:00+00:00
2024-02-10,Africa Cup of Nations,2023,Third-place match,South Africa,Congo DR,South Africa,7,South Africa,Aubrey Modiba,,scored,espn,https://www.espn.com/soccer/match/_/gameId/698615,espn:698615:42401484,2026-06-30T12:00:00+00:00
2024-02-10,Africa Cup of Nations,2023,Third-place match,South Africa,Congo DR,South Africa,8,Congo DR,Joris Kayembe,,scored,espn,https://www.espn.com/soccer/match/_/gameId/698615,espn:698615:42401485,2026-06-30T12:00:00+00:00
2024-02-10,Africa Cup of Nations,2023,Third-place match,South Africa,Congo DR,South Africa,9,South Africa,Zakhele Lepasa,,scored,espn,https://www.espn.com/soccer/match/_/gameId/698615,espn:698615:42401514,2026-06-30T12:00:00+00:00
2024-02-10,Africa Cup of Nations,2023,Third-place match,South Africa,Congo DR,South Africa,10,Congo DR,Chancel Mbemba,,missed,espn,https://www.espn.com/soccer/match/_/gameId/698615,espn:698615:42401515,2026-06-30T12:00:00+00:00
2024-02-10,Africa Cup of Nations,2023,Third-place match,South Africa,Congo DR,South Africa,11,South Africa,Oswin Appollis,,scored,espn,https://www.espn.com/soccer/match/_/gameId/698615,espn:698615:42401516,2026-06-30T12:00:00+00:00
2024-02-10,Africa Cup of Nations,2023,Third-place match,South Africa,Congo DR,South Africa,12,Congo DR,Yoane Wissa,,scored,espn,https://www.espn.com/soccer/match/_/gameId/698615,espn:698615:42401517,2026-06-30T12:00:00+00:00
2024-02-10,Africa Cup of Nations,2023,Third-place match,South Africa,Congo DR,South Africa,13,South Africa,Siyanda Xulu,,scored,espn,https://www.espn.com/soccer/match/_/gameId/698615,espn:698615:42401518,2026-06-30T12:00:00+00:00
2024-02-10,Africa Cup of Nations,2023,Third-place match,South Africa,Congo DR,South Africa,14,Congo DR,Meschack Elia,,missed,espn,https://www.espn.com/soccer/match/_/gameId/698615,espn:698615:42401567,2026-06-30T12:00:00+00:00
2022-01-26,Africa Cup of Nations,2021,Round of 16,Cote d'Ivoire,Egypt,Egypt,1,Cote d'Ivoire,Nicolas Pépé,,scored,espn,https://www.espn.com/soccer/match/_/gameId/629162,espn:629162:37468402,2026-06-30T12:00:00+00:00
2022-01-26,Africa Cup of Nations,2021,Round of 16,Cote d'Ivoire,Egypt,Egypt,2,Egypt,Zizo,,scored,espn,https://www.espn.com/soccer/match/_/gameId/629162,espn:629162:37468403,2026-06-30T12:00:00+00:00
2022-01-26,Africa Cup of Nations,2021,Round of 16,Cote d'Ivoire,Egypt,Egypt,3,Cote d'Ivoire,Ibrahim Sangaré,,scored,espn,https://www.espn.com/soccer/match/_/gameId/629162,espn:629162:37468417,2026-06-30T12:00:00+00:00
2022-01-26,Africa Cup of Nations,2021,Round of 16,Cote d'Ivoire,Egypt,Egypt,4,Egypt,Amr Al Sulaya,,scored,espn,https://www.espn.com/soccer/match/_/gameId/629162,espn:629162:37468421,2026-06-30T12:00:00+00:00
2022-01-26,Africa Cup of Nations,2021,Round of 16,Cote d'Ivoire,Egypt,Egypt,5,Cote d'Ivoire,Eric Bailly,,missed,espn,https://www.espn.com/soccer/match/_/gameId/629162,espn:629162:37468428,2026-06-30T12:00:00+00:00
2022-01-26,Africa Cup of Nations,2021,Round of 16,Cote d'Ivoire,Egypt,Egypt,6,Egypt,Omar Kamal,,scored,espn,https://www.espn.com/soccer/match/_/gameId/629162,espn:629162:37468432,2026-06-30T12:00:00+00:00
2022-01-26,Africa Cup of Nations,2021,Round of 16,Cote d'Ivoire,Egypt,Egypt,7,Cote d'Ivoire,Maxwel Cornet,,scored,espn,https://www.espn.com/soccer/match/_/gameId/629162,espn:629162:37468441,2026-06-30T12:00:00+00:00
2022-01-26,Africa Cup of Nations,2021,Round of 16,Cote d'Ivoire,Egypt,Egypt,8,Egypt,Mohamed Abdelmoneim,,scored,espn,https://www.espn.com/soccer/match/_/gameId/629162,espn:629162:37468446,2026-06-30T12:00:00+00:00
2022-01-26,Africa Cup of Nations,2021,Round of 16,Cote d'Ivoire,Egypt,Egypt,9,Cote d'Ivoire,Wilfried Zaha,,scored,espn,https://www.espn.com/soccer/match/_/gameId/629162,espn:629162:37468448,2026-06-30T12:00:00+00:00
2022-01-26,Africa Cup of Nations,2021,Round of 16,Cote d'Ivoire,Egypt,Egypt,10,Egypt,Mohamed Salah,,scored,espn,https://www.espn.com/soccer/match/_/gameId/629162,espn:629162:37468452,2026-06-30T12:00:00+00:00
2022-02-03,Africa Cup of Nations,2021,Semi-final,Cameroon,Egypt,Egypt,1,Cameroon,Vincent Aboubakar,,scored,espn,https://www.espn.com/soccer/match/_/gameId/629155,espn:629155:37501555,2026-06-30T12:00:00+00:00
2022-02-03,Africa Cup of Nations,2021,Semi-final,Cameroon,Egypt,Egypt,2,Egypt,Zizo,,scored,espn,https://www.espn.com/soccer/match/_/gameId/629155,espn:629155:37501557,2026-06-30T12:00:00+00:00
2022-02-03,Africa Cup of Nations,2021,Semi-final,Cameroon,Egypt,Egypt,3,Cameroon,Harold Moukoudi,,missed,espn,https://www.espn.com/soccer/match/_/gameId/629155,espn:629155:37501561,2026-06-30T12:00:00+00:00
2022-02-03,Africa Cup of Nations,2021,Semi-final,Cameroon,Egypt,Egypt,4,Egypt,Mohamed Abdelmoneim,,scored,espn,https://www.espn.com/soccer/match/_/gameId/629155,espn:629155:37501563,2026-06-30T12:00:00+00:00
2022-02-03,Africa Cup of Nations,2021,Semi-final,Cameroon,Egypt,Egypt,5,Cameroon,James Léa Siliki,,missed,espn,https://www.espn.com/soccer/match/_/gameId/629155,espn:629155:37501567,2026-06-30T12:00:00+00:00
2022-02-03,Africa Cup of Nations,2021,Semi-final,Cameroon,Egypt,Egypt,6,Egypt,Mohanad Lashin,,scored,espn,https://www.espn.com/soccer/match/_/gameId/629155,espn:629155:37501571,2026-06-30T12:00:00+00:00
2022-02-03,Africa Cup of Nations,2021,Semi-final,Cameroon,Egypt,Egypt,7,Cameroon,Clinton N'Jie,,missed,espn,https://www.espn.com/soccer/match/_/gameId/629155,espn:629155:37501574,2026-06-30T12:00:00+00:00
2022-02-06,Africa Cup of Nations,2021,Final,Senegal,Egypt,Senegal,1,Senegal,Kalidou Koulibaly,,scored,espn,https://www.espn.com/soccer/match/_/gameId/629153,espn:629153:37529894,2026-06-30T12:00:00+00:00
2022-02-06,Africa Cup of Nations,2021,Final,Senegal,Egypt,Senegal,2,Egypt,Zizo,,scored,espn,https://www.espn.com/soccer/match/_/gameId/629153,espn:629153:37529899,2026-06-30T12:00:00+00:00
2022-02-06,Africa Cup of Nations,2021,Final,Senegal,Egypt,Senegal,3,Senegal,Abdou Diallo,,scored,espn,https://www.espn.com/soccer/match/_/gameId/629153,espn:629153:37529914,2026-06-30T12:00:00+00:00
2022-02-06,Africa Cup of Nations,2021,Final,Senegal,Egypt,Senegal,4,Egypt,Mohamed Abdelmoneim,,missed,espn,https://www.espn.com/soccer/match/_/gameId/629153,espn:629153:37529923,2026-06-30T12:00:00+00:00
2022-02-06,Africa Cup of Nations,2021,Final,Senegal,Egypt,Senegal,5,Senegal,Bouna Sarr,,missed,espn,https://www.espn.com/soccer/match/_/gameId/629153,espn:629153:37529931,2026-06-30T12:00:00+00:00
2022-02-06,Africa Cup of Nations,2021,Final,Senegal,Egypt,Senegal,6,Egypt,Marwan Hamdy,,scored,espn,https://www.espn.com/soccer/match/_/gameId/629153,espn:629153:37529941,2026-06-30T12:00:00+00:00
2022-02-06,Africa Cup of Nations,2021,Final,Senegal,Egypt,Senegal,7,Senegal,Bamba Dieng,,scored,espn,https://www.espn.com/soccer/match/_/gameId/629153,espn:629153:37529961,2026-06-30T12:00:00+00:00
2022-02-06,Africa Cup of Nations,2021,Final,Senegal,Egypt,Senegal,8,Egypt,Mohanad Lashin,,missed,espn,https://www.espn.com/soccer/match/_/gameId/629153,espn:629153:37529972,2026-06-30T12:00:00+00:00
2022-02-06,Africa Cup of Nations,2021,Final,Senegal,Egypt,Senegal,9,Senegal,Sadio Mané,,scored,espn,https://www.espn.com/soccer/match/_/gameId/629153,espn:629153:37529982,2026-06-30T12:00:00+00:00
2022-12-06,World Cup,2022,Round of 16,Morocco,Spain,Morocco,1,Morocco,Abdelhamid Sabiri,,scored,espn,https://www.espn.com/soccer/match/_/gameId/633841,espn:633841:39526903,2026-06-30T12:00:00+00:00
2022-12-06,World Cup,2022,Round of 16,Morocco,Spain,Morocco,2,Spain,Pablo Sarabia,,missed,espn,https://www.espn.com/soccer/match/_/gameId/633841,espn:633841:39526904,2026-06-30T12:00:00+00:00
2022-12-06,World Cup,2022,Round of 16,Morocco,Spain,Morocco,3,Morocco,Hakim Ziyech,,scored,espn,https://www.espn.com/soccer/match/_/gameId/633841,espn:633841:39526910,2026-06-30T12:00:00+00:00
2022-12-06,World Cup,2022,Round of 16,Morocco,Spain,Morocco,4,Spain,Carlos Soler,,missed,espn,https://www.espn.com/soccer/match/_/gameId/633841,espn:633841:39526911,2026-06-30T12:00:00+00:00
2022-12-06,World Cup,2022,Round of 16,Morocco,Spain,Morocco,5,Morocco,Badr Benoun,,missed,espn,https://www.espn.com/soccer/match/_/gameId/633841,espn:633841:39526917,2026-06-30T12:00:00+00:00
2022-12-06,World Cup,2022,Round of 16,Morocco,Spain,Morocco,6,Spain,Sergio Busquets,,missed,espn,https://www.espn.com/soccer/match/_/gameId/633841,espn:633841:39526922,2026-06-30T12:00:00+00:00
2022-12-06,World Cup,2022,Round of 16,Morocco,Spain,Morocco,7,Morocco,Achraf Hakimi,,scored,espn,https://www.espn.com/soccer/match/_/gameId/633841,espn:633841:39526925,2026-06-30T12:00:00+00:00
2024-07-04,Copa America,2024,Quarter-final,Argentina,Ecuador,Argentina,1,Argentina,Lionel Messi,,missed,espn,https://www.espn.com/soccer/match/_/gameId/703946,espn:703946:43373294,2026-06-30T12:00:00+00:00
2024-07-04,Copa America,2024,Quarter-final,Argentina,Ecuador,Argentina,2,Ecuador,Ángel Mena,,missed,espn,https://www.espn.com/soccer/match/_/gameId/703946,espn:703946:43373306,2026-06-30T12:00:00+00:00
2024-07-04,Copa America,2024,Quarter-final,Argentina,Ecuador,Argentina,3,Argentina,Julián Álvarez,,scored,espn,https://www.espn.com/soccer/match/_/gameId/703946,espn:703946:43373307,2026-06-30T12:00:00+00:00
2024-07-04,Copa America,2024,Quarter-final,Argentina,Ecuador,Argentina,4,Ecuador,Alan Minda,,missed,espn,https://www.espn.com/soccer/match/_/gameId/703946,espn:703946:43373311,2026-06-30T12:00:00+00:00
2024-07-04,Copa America,2024,Quarter-final,Argentina,Ecuador,Argentina,5,Argentina,Alexis Mac Allister,,scored,espn,https://www.espn.com/soccer/match/_/gameId/703946,espn:703946:43373314,2026-06-30T12:00:00+00:00
2024-07-04,Copa America,2024,Quarter-final,Argentina,Ecuador,Argentina,6,Ecuador,John Yeboah,,scored,espn,https://www.espn.com/soccer/match/_/gameId/703946,espn:703946:43373324,2026-06-30T12:00:00+00:00
2024-07-04,Copa America,2024,Quarter-final,Argentina,Ecuador,Argentina,7,Argentina,Gonzalo Montiel,,scored,espn,https://www.espn.com/soccer/match/_/gameId/703946,espn:703946:43373327,2026-06-30T12:00:00+00:00
2024-07-04,Copa America,2024,Quarter-final,Argentina,Ecuador,Argentina,8,Ecuador,Jordy Caicedo,,scored,espn,https://www.espn.com/soccer/match/_/gameId/703946,espn:703946:43373328,2026-06-30T12:00:00+00:00
2024-07-04,Copa America,2024,Quarter-final,Argentina,Ecuador,Argentina,9,Argentina,Nicolás Otamendi,,scored,espn,https://www.espn.com/soccer/match/_/gameId/703946,espn:703946:43373333,2026-06-30T12:00:00+00:00
2024-07-05,Copa America,2024,Quarter-final,Venezuela,Canada,Canada,1,Venezuela,Salomón Rondón,,scored,espn,https://www.espn.com/soccer/match/_/gameId/703947,espn:703947:43375704,2026-06-30T12:00:00+00:00
2024-07-05,Copa America,2024,Quarter-final,Venezuela,Canada,Canada,2,Canada,Jonathan David,,scored,espn,https://www.espn.com/soccer/match/_/gameId/703947,espn:703947:43375706,2026-06-30T12:00:00+00:00
2024-07-05,Copa America,2024,Quarter-final,Venezuela,Canada,Canada,3,Venezuela,Yangel Herrera,,missed,espn,https://www.espn.com/soccer/match/_/gameId/703947,espn:703947:43375708,2026-06-30T12:00:00+00:00
2024-07-05,Copa America,2024,Quarter-final,Venezuela,Canada,Canada,4,Canada,Liam Millar,,missed,espn,https://www.espn.com/soccer/match/_/gameId/703947,espn:703947:43375709,2026-06-30T12:00:00+00:00
2024-07-05,Copa America,2024,Quarter-final,Venezuela,Canada,Canada,5,Venezuela,Tomás Rincón,,scored,espn,https://www.espn.com/soccer/match/_/gameId/703947,espn:703947:43375715,2026-06-30T12:00:00+00:00
2024-07-05,Copa America,2024,Quarter-final,Venezuela,Canada,Canada,6,Canada,Moïse Bombito,,scored,espn,https://www.espn.com/soccer/match/_/gameId/703947,espn:703947:43375718,2026-06-30T12:00:00+00:00
2024-07-05,Copa America,2024,Quarter-final,Venezuela,Canada,Canada,7,Venezuela,Jefferson Savarino,,missed,espn,https://www.espn.com/soccer/match/_/gameId/703947,espn:703947:43375721,2026-06-30T12:00:00+00:00
2024-07-05,Copa America,2024,Quarter-final,Venezuela,Canada,Canada,8,Canada,Stephen Eustáquio,,missed,espn,https://www.espn.com/soccer/match/_/gameId/703947,espn:703947:43375723,2026-06-30T12:00:00+00:00
2024-07-05,Copa America,2024,Quarter-final,Venezuela,Canada,Canada,9,Venezuela,Jhonder Cádiz,,scored,espn,https://www.espn.com/soccer/match/_/gameId/703947,espn:703947:43375724,2026-06-30T12:00:00+00:00
2024-07-05,Copa America,2024,Quarter-final,Venezuela,Canada,Canada,10,Canada,Alphonso Davies,,scored,espn,https://www.espn.com/soccer/match/_/gameId/703947,espn:703947:43375725,2026-06-30T12:00:00+00:00
2024-07-05,Copa America,2024,Quarter-final,Venezuela,Canada,Canada,11,Venezuela,Wilker Ángel,,missed,espn,https://www.espn.com/soccer/match/_/gameId/703947,espn:703947:43375726,2026-06-30T12:00:00+00:00
2024-07-05,Copa America,2024,Quarter-final,Venezuela,Canada,Canada,12,Canada,Ismaël Koné,,scored,espn,https://www.espn.com/soccer/match/_/gameId/703947,espn:703947:43375727,2026-06-30T12:00:00+00:00
2024-07-06,Copa America,2024,Quarter-final,Uruguay,Brazil,Uruguay,1,Uruguay,Federico Valverde,,scored,espn,https://www.espn.com/soccer/match/_/gameId/703949,espn:703949:43381345,2026-06-30T12:00:00+00:00
2024-07-06,Copa America,2024,Quarter-final,Uruguay,Brazil,Uruguay,2,Brazil,Éder Militão,,missed,espn,https://www.espn.com/soccer/match/_/gameId/703949,espn:703949:43381351,2026-06-30T12:00:00+00:00
2024-07-06,Copa America,2024,Quarter-final,Uruguay,Brazil,Uruguay,3,Uruguay,Rodrigo Bentancur,,scored,espn,https://www.espn.com/soccer/match/_/gameId/703949,espn:703949:43381362,2026-06-30T12:00:00+00:00
2024-07-06,Copa America,2024,Quarter-final,Uruguay,Brazil,Uruguay,4,Brazil,Andreas Pereira,,scored,espn,https://www.espn.com/soccer/match/_/gameId/703949,espn:703949:43381381,2026-06-30T12:00:00+00:00
2024-07-06,Copa America,2024,Quarter-final,Uruguay,Brazil,Uruguay,5,Uruguay,Giorgian de Arrascaeta,,scored,espn,https://www.espn.com/soccer/match/_/gameId/703949,espn:703949:43381387,2026-06-30T12:00:00+00:00
2024-07-06,Copa America,2024,Quarter-final,Uruguay,Brazil,Uruguay,6,Brazil,Douglas Luiz,,missed,espn,https://www.espn.com/soccer/match/_/gameId/703949,espn:703949:43381398,2026-06-30T12:00:00+00:00
2024-07-06,Copa America,2024,Quarter-final,Uruguay,Brazil,Uruguay,7,Uruguay,José María Giménez,,missed,espn,https://www.espn.com/soccer/match/_/gameId/703949,espn:703949:43381407,2026-06-30T12:00:00+00:00
2024-07-06,Copa America,2024,Quarter-final,Uruguay,Brazil,Uruguay,8,Brazil,Gabriel Martinelli,,scored,espn,https://www.espn.com/soccer/match/_/gameId/703949,espn:703949:43381418,2026-06-30T12:00:00+00:00
2024-07-06,Copa America,2024,Quarter-final,Uruguay,Brazil,Uruguay,9,Uruguay,Manuel Ugarte,,scored,espn,https://www.espn.com/soccer/match/_/gameId/703949,espn:703949:43381423,2026-06-30T12:00:00+00:00
2024-07-13,Copa America,2024,Third-place match,Canada,Uruguay,Uruguay,1,Canada,Jonathan David,,scored,espn,https://www.espn.com/soccer/match/_/gameId/703952,espn:703952:43401719,2026-06-30T12:00:00+00:00
2024-07-13,Copa America,2024,Third-place match,Canada,Uruguay,Uruguay,2,Uruguay,Federico Valverde,,scored,espn,https://www.espn.com/soccer/match/_/gameId/703952,espn:703952:43401730,2026-06-30T12:00:00+00:00
2024-07-13,Copa America,2024,Third-place match,Canada,Uruguay,Uruguay,3,Canada,Moïse Bombito,,scored,espn,https://www.espn.com/soccer/match/_/gameId/703952,espn:703952:43401745,2026-06-30T12:00:00+00:00
2024-07-13,Copa America,2024,Third-place match,Canada,Uruguay,Uruguay,4,Uruguay,Rodrigo Bentancur,,scored,espn,https://www.espn.com/soccer/match/_/gameId/703952,espn:703952:43401758,2026-06-30T12:00:00+00:00
2024-07-13,Copa America,2024,Third-place match,Canada,Uruguay,Uruguay,5,Canada,Ismaël Koné,,missed,espn,https://www.espn.com/soccer/match/_/gameId/703952,espn:703952:43401768,2026-06-30T12:00:00+00:00
2024-07-13,Copa America,2024,Third-place match,Canada,Uruguay,Uruguay,6,Uruguay,Giorgian de Arrascaeta,,scored,espn,https://www.espn.com/soccer/match/_/gameId/703952,espn:703952:43401786,2026-06-30T12:00:00+00:00
2024-07-13,Copa America,2024,Third-place match,Canada,Uruguay,Uruguay,7,Canada,Mathieu Choinière,,scored,espn,https://www.espn.com/soccer/match/_/gameId/703952,espn:703952:43401804,2026-06-30T12:00:00+00:00
2024-07-13,Copa America,2024,Third-place match,Canada,Uruguay,Uruguay,8,Uruguay,Luis Suárez,,scored,espn,https://www.espn.com/soccer/match/_/gameId/703952,espn:703952:43401812,2026-06-30T12:00:00+00:00
2024-07-13,Copa America,2024,Third-place match,Canada,Uruguay,Uruguay,9,Canada,Alphonso Davies,,missed,espn,https://www.espn.com/soccer/match/_/gameId/703952,espn:703952:43401818,2026-06-30T12:00:00+00:00
2021-07-02,Copa America,2021,Quarter-final,Peru,Paraguay,Peru,1,Paraguay,Ángel Romero,,scored,espn,https://www.espn.com/soccer/match/_/gameId/603189,espn:603189:36115084,2026-06-30T12:00:00+00:00
2021-07-02,Copa America,2021,Quarter-final,Peru,Paraguay,Peru,2,Peru,Gianluca Lapadula,,scored,espn,https://www.espn.com/soccer/match/_/gameId/603189,espn:603189:36115087,2026-06-30T12:00:00+00:00
2021-07-02,Copa America,2021,Quarter-final,Peru,Paraguay,Peru,3,Paraguay,Júnior Alonso,,scored,espn,https://www.espn.com/soccer/match/_/gameId/603189,espn:603189:36115090,2026-06-30T12:00:00+00:00
2021-07-02,Copa America,2021,Quarter-final,Peru,Paraguay,Peru,4,Peru,Yoshimar Yotún,,scored,espn,https://www.espn.com/soccer/match/_/gameId/603189,espn:603189:36115091,2026-06-30T12:00:00+00:00
2021-07-02,Copa America,2021,Quarter-final,Peru,Paraguay,Peru,5,Paraguay,Héctor Martínez,,missed,espn,https://www.espn.com/soccer/match/_/gameId/603189,espn:603189:36115096,2026-06-30T12:00:00+00:00
2021-07-02,Copa America,2021,Quarter-final,Peru,Paraguay,Peru,6,Peru,Santiago Ormeño,,missed,espn,https://www.espn.com/soccer/match/_/gameId/603189,espn:603189:36115099,2026-06-30T12:00:00+00:00
2021-07-02,Copa America,2021,Quarter-final,Peru,Paraguay,Peru,7,Paraguay,Braian Samudio,,missed,espn,https://www.espn.com/soccer/match/_/gameId/603189,espn:603189:36115107,2026-06-30T12:00:00+00:00
2021-07-02,Copa America,2021,Quarter-final,Peru,Paraguay,Peru,8,Peru,Renato Tapia,,scored,espn,https://www.espn.com/soccer/match/_/gameId/603189,espn:603189:36115112,2026-06-30T12:00:00+00:00
2021-07-02,Copa America,2021,Quarter-final,Peru,Paraguay,Peru,9,Paraguay,Robert Piris Da Motta,,scored,espn,https://www.espn.com/soccer/match/_/gameId/603189,espn:603189:36115118,2026-06-30T12:00:00+00:00
2021-07-02,Copa America,2021,Quarter-final,Peru,Paraguay,Peru,10,Peru,Christian Cueva,,missed,espn,https://www.espn.com/soccer/match/_/gameId/603189,espn:603189:36115138,2026-06-30T12:00:00+00:00
2021-07-02,Copa America,2021,Quarter-final,Peru,Paraguay,Peru,11,Paraguay,Alberto Espínola,,missed,espn,https://www.espn.com/soccer/match/_/gameId/603189,espn:603189:36115148,2026-06-30T12:00:00+00:00
2021-07-02,Copa America,2021,Quarter-final,Peru,Paraguay,Peru,12,Peru,Miguel Trauco,,scored,espn,https://www.espn.com/soccer/match/_/gameId/603189,espn:603189:36115165,2026-06-30T12:00:00+00:00
2021-07-03,Copa America,2021,Quarter-final,Uruguay,Colombia,Colombia,1,Colombia,Duván Zapata,,scored,espn,https://www.espn.com/soccer/match/_/gameId/603187,espn:603187:36119923,2026-06-30T12:00:00+00:00
2021-07-03,Copa America,2021,Quarter-final,Uruguay,Colombia,Colombia,2,Uruguay,Edinson Cavani,,scored,espn,https://www.espn.com/soccer/match/_/gameId/603187,espn:603187:36119927,2026-06-30T12:00:00+00:00
2021-07-03,Copa America,2021,Quarter-final,Uruguay,Colombia,Colombia,3,Colombia,Davinson Sánchez,,scored,espn,https://www.espn.com/soccer/match/_/gameId/603187,espn:603187:36119935,2026-06-30T12:00:00+00:00
2021-07-03,Copa America,2021,Quarter-final,Uruguay,Colombia,Colombia,4,Uruguay,José María Giménez,,missed,espn,https://www.espn.com/soccer/match/_/gameId/603187,espn:603187:36119939,2026-06-30T12:00:00+00:00
2021-07-03,Copa America,2021,Quarter-final,Uruguay,Colombia,Colombia,5,Colombia,Yerry Mina,,scored,espn,https://www.espn.com/soccer/match/_/gameId/603187,espn:603187:36119961,2026-06-30T12:00:00+00:00
2021-07-03,Copa America,2021,Quarter-final,Uruguay,Colombia,Colombia,6,Uruguay,Luis Suárez,,scored,espn,https://www.espn.com/soccer/match/_/gameId/603187,espn:603187:36119978,2026-06-30T12:00:00+00:00
2021-07-03,Copa America,2021,Quarter-final,Uruguay,Colombia,Colombia,7,Colombia,Miguel Borja,,scored,espn,https://www.espn.com/soccer/match/_/gameId/603187,espn:603187:36119982,2026-06-30T12:00:00+00:00
2021-07-03,Copa America,2021,Quarter-final,Uruguay,Colombia,Colombia,8,Uruguay,Matías Viña,,missed,espn,https://www.espn.com/soccer/match/_/gameId/603187,espn:603187:36119990,2026-06-30T12:00:00+00:00
2021-07-06,Copa America,2021,Semi-final,Argentina,Colombia,Argentina,1,Colombia,Juan Cuadrado,,scored,espn,https://www.espn.com/soccer/match/_/gameId/603184,espn:603184:36130932,2026-06-30T12:00:00+00:00
2021-07-06,Copa America,2021,Semi-final,Argentina,Colombia,Argentina,2,Argentina,Lionel Messi,,scored,espn,https://www.espn.com/soccer/match/_/gameId/603184,espn:603184:36130933,2026-06-30T12:00:00+00:00
2021-07-06,Copa America,2021,Semi-final,Argentina,Colombia,Argentina,3,Colombia,Davinson Sánchez,,missed,espn,https://www.espn.com/soccer/match/_/gameId/603184,espn:603184:36130936,2026-06-30T12:00:00+00:00
2021-07-06,Copa America,2021,Semi-final,Argentina,Colombia,Argentina,4,Argentina,Rodrigo De Paul,,missed,espn,https://www.espn.com/soccer/match/_/gameId/603184,espn:603184:36130937,2026-06-30T12:00:00+00:00
2021-07-06,Copa America,2021,Semi-final,Argentina,Colombia,Argentina,5,Colombia,Yerry Mina,,missed,espn,https://www.espn.com/soccer/match/_/gameId/603184,espn:603184:36130938,2026-06-30T12:00:00+00:00
2021-07-06,Copa America,2021,Semi-final,Argentina,Colombia,Argentina,6,Argentina,Leandro Paredes,,scored,espn,https://www.espn.com/soccer/match/_/gameId/603184,espn:603184:36130939,2026-06-30T12:00:00+00:00
2021-07-06,Copa America,2021,Semi-final,Argentina,Colombia,Argentina,7,Colombia,Miguel Borja,,scored,espn,https://www.espn.com/soccer/match/_/gameId/603184,espn:603184:36130940,2026-06-30T12:00:00+00:00
2021-07-06,Copa America,2021,Semi-final,Argentina,Colombia,Argentina,8,Argentina,Lautaro Martínez,,scored,espn,https://www.espn.com/soccer/match/_/gameId/603184,espn:603184:36130942,2026-06-30T12:00:00+00:00
2021-07-06,Copa America,2021,Semi-final,Argentina,Colombia,Argentina,9,Colombia,Edwin Cardona,,missed,espn,https://www.espn.com/soccer/match/_/gameId/603184,espn:603184:36130943,2026-06-30T12:00:00+00:00
2019-06-27,Copa America,2019,Quarter-final,Brazil,Paraguay,Brazil,1,Paraguay,Gustavo Gómez,,missed,espn,https://www.espn.com/soccer/match/_/gameId/547350,espn:547350:32378069,2026-06-30T12:00:00+00:00
2019-06-27,Copa America,2019,Quarter-final,Brazil,Paraguay,Brazil,2,Brazil,Willian,,scored,espn,https://www.espn.com/soccer/match/_/gameId/547350,espn:547350:32378070,2026-06-30T12:00:00+00:00
2019-06-27,Copa America,2019,Quarter-final,Brazil,Paraguay,Brazil,3,Paraguay,Miguel Almirón,,scored,espn,https://www.espn.com/soccer/match/_/gameId/547350,espn:547350:32378071,2026-06-30T12:00:00+00:00
2019-06-27,Copa America,2019,Quarter-final,Brazil,Paraguay,Brazil,4,Brazil,Marquinhos,,scored,espn,https://www.espn.com/soccer/match/_/gameId/547350,espn:547350:32378072,2026-06-30T12:00:00+00:00
2019-06-27,Copa America,2019,Quarter-final,Brazil,Paraguay,Brazil,5,Paraguay,Bruno Valdez,,scored,espn,https://www.espn.com/soccer/match/_/gameId/547350,espn:547350:32378073,2026-06-30T12:00:00+00:00
2019-06-27,Copa America,2019,Quarter-final,Brazil,Paraguay,Brazil,6,Brazil,Philippe Coutinho,,scored,espn,https://www.espn.com/soccer/match/_/gameId/547350,espn:547350:32378074,2026-06-30T12:00:00+00:00
2019-06-27,Copa America,2019,Quarter-final,Brazil,Paraguay,Brazil,7,Paraguay,Rodrigo Rojas,,scored,espn,https://www.espn.com/soccer/match/_/gameId/547350,espn:547350:32378075,2026-06-30T12:00:00+00:00
2019-06-27,Copa America,2019,Quarter-final,Brazil,Paraguay,Brazil,8,Brazil,Roberto Firmino,,missed,espn,https://www.espn.com/soccer/match/_/gameId/547350,espn:547350:32378076,2026-06-30T12:00:00+00:00
2019-06-27,Copa America,2019,Quarter-final,Brazil,Paraguay,Brazil,9,Paraguay,Derlis González,,missed,espn,https://www.espn.com/soccer/match/_/gameId/547350,espn:547350:32378077,2026-06-30T12:00:00+00:00
2019-06-27,Copa America,2019,Quarter-final,Brazil,Paraguay,Brazil,10,Brazil,Gabriel Jesus,,scored,espn,https://www.espn.com/soccer/match/_/gameId/547350,espn:547350:32378078,2026-06-30T12:00:00+00:00
2019-06-28,Copa America,2019,Quarter-final,Colombia,Chile,Chile,1,Colombia,James Rodríguez,,scored,espn,https://www.espn.com/soccer/match/_/gameId/547348,espn:547348:32380539,2026-06-30T12:00:00+00:00
2019-06-28,Copa America,2019,Quarter-final,Colombia,Chile,Chile,2,Chile,Arturo Vidal,,scored,espn,https://www.espn.com/soccer/match/_/gameId/547348,espn:547348:32380542,2026-06-30T12:00:00+00:00
2019-06-28,Copa America,2019,Quarter-final,Colombia,Chile,Chile,3,Colombia,Edwin Cardona,,scored,espn,https://www.espn.com/soccer/match/_/gameId/547348,espn:547348:32380550,2026-06-30T12:00:00+00:00
2019-06-28,Copa America,2019,Quarter-final,Colombia,Chile,Chile,4,Chile,Eduardo Vargas,,scored,espn,https://www.espn.com/soccer/match/_/gameId/547348,espn:547348:32380553,2026-06-30T12:00:00+00:00
2019-06-28,Copa America,2019,Quarter-final,Colombia,Chile,Chile,5,Colombia,Juan Cuadrado,,scored,espn,https://www.espn.com/soccer/match/_/gameId/547348,espn:547348:32380559,2026-06-30T12:00:00+00:00
2019-06-28,Copa America,2019,Quarter-final,Colombia,Chile,Chile,6,Chile,Erick Pulgar,,scored,espn,https://www.espn.com/soccer/match/_/gameId/547348,espn:547348:32380561,2026-06-30T12:00:00+00:00
2019-06-28,Copa America,2019,Quarter-final,Colombia,Chile,Chile,7,Colombia,Yerry Mina,,scored,espn,https://www.espn.com/soccer/match/_/gameId/547348,espn:547348:32380566,2026-06-30T12:00:00+00:00
2019-06-28,Copa America,2019,Quarter-final,Colombia,Chile,Chile,8,Chile,Charles Aránguiz,,scored,espn,https://www.espn.com/soccer/match/_/gameId/547348,espn:547348:32380568,2026-06-30T12:00:00+00:00
2019-06-28,Copa America,2019,Quarter-final,Colombia,Chile,Chile,9,Colombia,William Tesillo,,missed,espn,https://www.espn.com/soccer/match/_/gameId/547348,espn:547348:32380572,2026-06-30T12:00:00+00:00
2019-06-28,Copa America,2019,Quarter-final,Colombia,Chile,Chile,10,Chile,Alexis Sánchez,,scored,espn,https://www.espn.com/soccer/match/_/gameId/547348,espn:547348:32380573,2026-06-30T12:00:00+00:00
2025-06-29,CONCACAF Gold Cup,2025,Quarter-final,Canada,Guatemala,Guatemala,1,Canada,Promise David,,scored,espn,https://www.espn.com/soccer/match/_/gameId/735344,espn:735344:45431313,2026-06-30T12:00:00+00:00
2025-06-29,CONCACAF Gold Cup,2025,Quarter-final,Canada,Guatemala,Guatemala,2,Guatemala,Óscar Santis,,scored,espn,https://www.espn.com/soccer/match/_/gameId/735344,espn:735344:45431316,2026-06-30T12:00:00+00:00
2025-06-29,CONCACAF Gold Cup,2025,Quarter-final,Canada,Guatemala,Guatemala,3,Canada,Daniel Jebbison,,scored,espn,https://www.espn.com/soccer/match/_/gameId/735344,espn:735344:45431326,2026-06-30T12:00:00+00:00
2025-06-29,CONCACAF Gold Cup,2025,Quarter-final,Canada,Guatemala,Guatemala,4,Guatemala,Nicolás Samayoa,,scored,espn,https://www.espn.com/soccer/match/_/gameId/735344,espn:735344:45431328,2026-06-30T12:00:00+00:00
2025-06-29,CONCACAF Gold Cup,2025,Quarter-final,Canada,Guatemala,Guatemala,5,Canada,Derek Cornelius,,scored,espn,https://www.espn.com/soccer/match/_/gameId/735344,espn:735344:45431337,2026-06-30T12:00:00+00:00
2025-06-29,CONCACAF Gold Cup,2025,Quarter-final,Canada,Guatemala,Guatemala,6,Guatemala,Aaron Herrera,,scored,espn,https://www.espn.com/soccer/match/_/gameId/735344,espn:735344:45431342,2026-06-30T12:00:00+00:00
2025-06-29,CONCACAF Gold Cup,2025,Quarter-final,Canada,Guatemala,Guatemala,7,Canada,Mathieu Choinière,,scored,espn,https://www.espn.com/soccer/match/_/gameId/735344,espn:735344:45431348,2026-06-30T12:00:00+00:00
2025-06-29,CONCACAF Gold Cup,2025,Quarter-final,Canada,Guatemala,Guatemala,8,Guatemala,Darwin Lom,,scored,espn,https://www.espn.com/soccer/match/_/gameId/735344,espn:735344:45431354,2026-06-30T12:00:00+00:00
2025-06-29,CONCACAF Gold Cup,2025,Quarter-final,Canada,Guatemala,Guatemala,9,Canada,Cyle Larin,,missed,espn,https://www.espn.com/soccer/match/_/gameId/735344,espn:735344:45431360,2026-06-30T12:00:00+00:00
2025-06-29,CONCACAF Gold Cup,2025,Quarter-final,Canada,Guatemala,Guatemala,10,Guatemala,José Pinto,,missed,espn,https://www.espn.com/soccer/match/_/gameId/735344,espn:735344:45431367,2026-06-30T12:00:00+00:00
2025-06-29,CONCACAF Gold Cup,2025,Quarter-final,Canada,Guatemala,Guatemala,11,Canada,Nathan Saliba,,scored,espn,https://www.espn.com/soccer/match/_/gameId/735344,espn:735344:45431376,2026-06-30T12:00:00+00:00
2025-06-29,CONCACAF Gold Cup,2025,Quarter-final,Canada,Guatemala,Guatemala,12,Guatemala,Pedro Altán,,scored,espn,https://www.espn.com/soccer/match/_/gameId/735344,espn:735344:45431377,2026-06-30T12:00:00+00:00
2025-06-29,CONCACAF Gold Cup,2025,Quarter-final,Canada,Guatemala,Guatemala,13,Canada,Luc de Fougerolles,,missed,espn,https://www.espn.com/soccer/match/_/gameId/735344,espn:735344:45431382,2026-06-30T12:00:00+00:00
2025-06-29,CONCACAF Gold Cup,2025,Quarter-final,Canada,Guatemala,Guatemala,14,Guatemala,José Morales,,scored,espn,https://www.espn.com/soccer/match/_/gameId/735344,espn:735344:45431386,2026-06-30T12:00:00+00:00
2025-06-29,CONCACAF Gold Cup,2025,Quarter-final,USA,Costa Rica,USA,1,Costa Rica,Alonso Martínez,,scored,espn,https://www.espn.com/soccer/match/_/gameId/735342,espn:735342:45432316,2026-06-30T12:00:00+00:00
2025-06-29,CONCACAF Gold Cup,2025,Quarter-final,USA,Costa Rica,USA,2,USA,Tyler Adams,,scored,espn,https://www.espn.com/soccer/match/_/gameId/735342,espn:735342:45432320,2026-06-30T12:00:00+00:00
2025-06-29,CONCACAF Gold Cup,2025,Quarter-final,USA,Costa Rica,USA,3,Costa Rica,Juan Pablo Vargas,,missed,espn,https://www.espn.com/soccer/match/_/gameId/735342,espn:735342:45432321,2026-06-30T12:00:00+00:00
2025-06-29,CONCACAF Gold Cup,2025,Quarter-final,USA,Costa Rica,USA,4,USA,Malik Tillman,,scored,espn,https://www.espn.com/soccer/match/_/gameId/735342,espn:735342:45432325,2026-06-30T12:00:00+00:00
2025-06-29,CONCACAF Gold Cup,2025,Quarter-final,USA,Costa Rica,USA,5,Costa Rica,Santiago van der Putten,,scored,espn,https://www.espn.com/soccer/match/_/gameId/735342,espn:735342:45432327,2026-06-30T12:00:00+00:00
2025-06-29,CONCACAF Gold Cup,2025,Quarter-final,USA,Costa Rica,USA,6,USA,Sebastian Berhalter,,missed,espn,https://www.espn.com/soccer/match/_/gameId/735342,espn:735342:45432328,2026-06-30T12:00:00+00:00
2025-06-29,CONCACAF Gold Cup,2025,Quarter-final,USA,Costa Rica,USA,7,Costa Rica,Jefferson Brenes,,scored,espn,https://www.espn.com/soccer/match/_/gameId/735342,espn:735342:45432329,2026-06-30T12:00:00+00:00
2025-06-29,CONCACAF Gold Cup,2025,Quarter-final,USA,Costa Rica,USA,8,USA,Alex Freeman,,scored,espn,https://www.espn.com/soccer/match/_/gameId/735342,espn:735342:45432330,2026-06-30T12:00:00+00:00
2025-06-29,CONCACAF Gold Cup,2025,Quarter-final,USA,Costa Rica,USA,9,Costa Rica,Francisco Calvo,,missed,espn,https://www.espn.com/soccer/match/_/gameId/735342,espn:735342:45432331,2026-06-30T12:00:00+00:00
2025-06-29,CONCACAF Gold Cup,2025,Quarter-final,USA,Costa Rica,USA,10,USA,John Tolkin,,missed,espn,https://www.espn.com/soccer/match/_/gameId/735342,espn:735342:45432332,2026-06-30T12:00:00+00:00
2025-06-29,CONCACAF Gold Cup,2025,Quarter-final,USA,Costa Rica,USA,11,Costa Rica,Andy Rojas,,missed,espn,https://www.espn.com/soccer/match/_/gameId/735342,espn:735342:45432333,2026-06-30T12:00:00+00:00
2025-06-29,CONCACAF Gold Cup,2025,Quarter-final,USA,Costa Rica,USA,12,USA,Damion Downs,,scored,espn,https://www.espn.com/soccer/match/_/gameId/735342,espn:735342:45432334,2026-06-30T12:00:00+00:00
2019-01-21,AFC Asian Cup,2019,Round of 16,Australia,Uzbekistan,Australia,1,Australia,Mark Milligan,,scored,espn,https://www.espn.com/soccer/match/_/gameId/535322,espn:535322:31511479,2026-06-30T12:00:00+00:00
2019-01-21,AFC Asian Cup,2019,Round of 16,Australia,Uzbekistan,Australia,2,Uzbekistan,Otabek Shukurov,,scored,espn,https://www.espn.com/soccer/match/_/gameId/535322,espn:535322:31511480,2026-06-30T12:00:00+00:00
2019-01-21,AFC Asian Cup,2019,Round of 16,Australia,Uzbekistan,Australia,3,Australia,Aziz Behich,,missed,espn,https://www.espn.com/soccer/match/_/gameId/535322,espn:535322:31511481,2026-06-30T12:00:00+00:00
2019-01-21,AFC Asian Cup,2019,Round of 16,Australia,Uzbekistan,Australia,4,Uzbekistan,Islom Tukhtahujaev,,missed,espn,https://www.espn.com/soccer/match/_/gameId/535322,espn:535322:31511482,2026-06-30T12:00:00+00:00
2019-01-21,AFC Asian Cup,2019,Round of 16,Australia,Uzbekistan,Australia,5,Australia,Robbie Kruse,,scored,espn,https://www.espn.com/soccer/match/_/gameId/535322,espn:535322:31511483,2026-06-30T12:00:00+00:00
2019-01-21,AFC Asian Cup,2019,Round of 16,Australia,Uzbekistan,Australia,6,Uzbekistan,Ikromjon Alibaev,,scored,espn,https://www.espn.com/soccer/match/_/gameId/535322,espn:535322:31511486,2026-06-30T12:00:00+00:00
2019-01-21,AFC Asian Cup,2019,Round of 16,Australia,Uzbekistan,Australia,7,Australia,Apostolos Giannou,,scored,espn,https://www.espn.com/soccer/match/_/gameId/535322,espn:535322:31511487,2026-06-30T12:00:00+00:00
2019-01-21,AFC Asian Cup,2019,Round of 16,Australia,Uzbekistan,Australia,8,Uzbekistan,Marat Bikmaev,,missed,espn,https://www.espn.com/soccer/match/_/gameId/535322,espn:535322:31511488,2026-06-30T12:00:00+00:00
2019-01-21,AFC Asian Cup,2019,Round of 16,Australia,Uzbekistan,Australia,9,Australia,Mathew Leckie,,scored,espn,https://www.espn.com/soccer/match/_/gameId/535322,espn:535322:31511489,2026-06-30T12:00:00+00:00
